Date,Name,Year,Letterboxd URI
2016-09-21,Battleship Potemkin,1925,https://boxd.it/29Vo
2016-09-23,Once Upon a Time in America,1984,https://boxd.it/2aCs
2016-10-02,Destiny,1921,https://boxd.it/1nRo
2016-10-10,The Last Laugh,1924,https://boxd.it/22es
2016-10-12,Three Colors: Red,1994,https://boxd.it/2b7q
2017-02-13,Mirror,1975,https://boxd.it/28Q8
2017-08-23,Persona,1966,https://boxd.it/29B4
2017-08-23,Fanny and Alexander,1982,https://boxd.it/22go
2017-08-23,El Topo,1970,https://boxd.it/1QYS
2017-09-02,The Grey Zone,2001,https://boxd.it/1ME0
2017-09-04,Angel Heart,1987,https://boxd.it/29WG
2017-09-24,Grand Illusion,1937,https://boxd.it/29Ei
2017-09-24,Triumph of the Will,1935,https://boxd.it/145A
2017-09-27,"Jeanne Dielman, 23, quai du Commerce, 1080 Bruxelles",1975,https://boxd.it/T18
2017-09-30,World on a Wire,1973,https://boxd.it/B9me
2017-09-30,Nashville,1975,https://boxd.it/25GE
2017-10-01,The Haunting,1963,https://boxd.it/1T7M
2017-10-04,Son of Frankenstein,1939,https://boxd.it/25Nq
2017-10-05,Five Broken Cameras,2011,https://boxd.it/2XF6
2017-10-17,Wild Strawberries,1957,https://boxd.it/29ZU
2017-10-19,Fitzcarraldo,1982,https://boxd.it/1YV8
2017-10-21,Munich,2005,https://boxd.it/2a0e
2017-10-23,The Legend of Hell House,1973,https://boxd.it/1KEs
2017-10-28,Cathy's Curse,1977,https://boxd.it/3C7O
2017-10-29,Battle of Soho,2017,https://boxd.it/fqC0
2017-11-06,Faust,1926,https://boxd.it/1Vxi
2017-11-06,The Testament of Dr. Mabuse,1933,https://boxd.it/1Sia
2017-11-13,The Quiet Earth,1985,https://boxd.it/1WTE
2017-11-13,The Holy Mountain,1973,https://boxd.it/20mu
2017-11-13,The Double Life of Véronique,1991,https://boxd.it/28va
2017-11-13,When the Wind Blows,1986,https://boxd.it/1VdC
2017-11-17,Upstream Color,2013,https://boxd.it/4Cwc
2017-11-20,Force Majeure,2014,https://boxd.it/7UcA
2017-12-26,Alias Grace,2017,https://boxd.it/f5ls
2018-01-05,Au Revoir les Enfants,1987,https://boxd.it/288U
2018-01-06,Wormwood,2017,https://boxd.it/AMTY
2018-01-07,The Hypothesis of the Stolen Painting,1978,https://boxd.it/372S
2018-01-10,Beau Travail,1999,https://boxd.it/1NI8
2018-01-10,White Material,2009,https://boxd.it/NIg
2018-01-10,Ratcatcher,1999,https://boxd.it/1mSg
2018-01-10,Daisies,1966,https://boxd.it/LZk
2018-01-13,The Forbidden Room,2015,https://boxd.it/abC0
2018-01-14,Wiener-Dog,2016,https://boxd.it/aD3M
2018-01-15,The Fog of War,2003,https://boxd.it/1Row
2018-01-15,The Conformist,1970,https://boxd.it/20cE
2018-01-15,Céline and Julie Go Boating,1974,https://boxd.it/1sGA
2018-01-16,Three Colors: Blue,1993,https://boxd.it/2b7K
2018-01-17,Malcolm X,1992,https://boxd.it/27WE
2018-01-17,Anguish,1987,https://boxd.it/XZ2
2018-01-24,Punishment Park,1971,https://boxd.it/1tJK
2018-01-24,Edvard Munch,1974,https://boxd.it/E3y
2018-01-25,The Earrings of Madame de...,1953,https://boxd.it/2lom
2018-02-12,Happiness,1998,https://boxd.it/1VEe
2018-02-17,Certified Copy,2010,https://boxd.it/IMW
2018-02-23,Tideland,2005,https://boxd.it/1Tyy
2018-03-05,Ms .45,1981,https://boxd.it/1AWG
2018-03-16,"Rome, Open City",1945,https://boxd.it/2aD6
2018-03-18,The Young and the Damned,1950,https://boxd.it/29AA
2018-03-19,Red Desert,1964,https://boxd.it/1ttW
2018-03-19,The Ear,1970,https://boxd.it/38Sg
2018-03-30,The Five Obstructions,2003,https://boxd.it/1RWy
2018-04-09,Shoah,1985,https://boxd.it/XSK
2018-04-15,Hard to Be a God,2013,https://boxd.it/3Ido
2018-04-15,Of Time and the City,2008,https://boxd.it/1mHi
2018-04-18,Asylum,1972,https://boxd.it/1uGM
2018-04-25,Where the Buffalo Roam,1980,https://boxd.it/1R2A
2018-04-27,Koyaanisqatsi,1982,https://boxd.it/1U9E
2018-04-28,La Notte,1961,https://boxd.it/10iU
2018-05-01,Near Dark,1987,https://boxd.it/1SRO
2018-05-02,Harry Dean Stanton: Partly Fiction,2012,https://boxd.it/4fVo
2018-05-07,Public Speaking,2010,https://boxd.it/toU
2018-05-08,Wings of Desire,1987,https://boxd.it/2b26
2018-05-10,A Special Day,1977,https://boxd.it/Xqc
2018-05-11,Los Angeles Plays Itself,2003,https://boxd.it/15xq
2018-05-13,Titicut Follies,1967,https://boxd.it/ZVc
2018-05-15,A Pigeon Sat on a Branch Reflecting on Existence,2014,https://boxd.it/3Ifa
2018-05-16,The Look of Silence,2014,https://boxd.it/8006
2018-05-20,Wuthering Heights,2011,https://boxd.it/1YRU
2018-06-01,Ivan's Childhood,1962,https://boxd.it/1j6y
2018-06-13,The Beauty,1969,https://boxd.it/brW8
2018-06-18,Ordet,1955,https://boxd.it/Jiy
2018-06-23,Joan Didion: The Center Will Not Hold,2017,https://boxd.it/gYJ2
2018-06-25,The Uninvited,1944,https://boxd.it/1KeO
2018-07-03,Incendies,2010,https://boxd.it/Msm
2018-07-03,Humanity and Paper Balloons,1937,https://boxd.it/2XQI
2018-07-08,La Jetée,1962,https://boxd.it/29Sk
2018-07-10,Reality,2014,https://boxd.it/5txC
2018-07-11,The Naked Island,1960,https://boxd.it/2520
2018-07-11,Putney Swope,1969,https://boxd.it/1gV4
2018-07-16,Drug War,2012,https://boxd.it/3IcK
2018-07-16,Office,2015,https://boxd.it/bsTk
2018-07-17,Hard Boiled,1992,https://boxd.it/1T6a
2018-07-18,Sophie's Choice,1982,https://boxd.it/1Lzy
2018-07-24,La Haine,1995,https://boxd.it/2as8
2018-07-24,Things to Come,2016,https://boxd.it/d0wc
2018-07-25,I Am the Pretty Thing That Lives in the House,2016,https://boxd.it/elo6
2018-07-27,Asparagus,1979,https://boxd.it/19AS
2018-07-27,Flight of the Red Balloon,2007,https://boxd.it/1Sj8
2018-07-31,Manifesto,2017,https://boxd.it/diI6
2018-08-03,The Last Wave,1977,https://boxd.it/2oOM
2018-08-03,You Ain't Seen Nothin' Yet,2012,https://boxd.it/3wPK
2018-08-13,25th Hour,2002,https://boxd.it/28LC
2018-08-13,A Separation,2011,https://boxd.it/gvo
2018-08-13,The Salesman,2016,https://boxd.it/d2we
2018-08-13,The Assassin,2015,https://boxd.it/7rdE
2018-08-13,A City of Sadness,1989,https://boxd.it/EIm
2018-08-13,"Electric Boogaloo: The Wild, Untold Story of Cannon Films",2014,https://boxd.it/8HoU
2018-08-13,A Woman Under the Influence,1974,https://boxd.it/1myg
2018-08-13,The Hill,1965,https://boxd.it/1xJY
2018-08-14,After the Storm,2016,https://boxd.it/d0HY
2018-08-14,Ida,2013,https://boxd.it/6fRg
2018-08-17,Toni Erdmann,2016,https://boxd.it/d0xu
2018-08-17,"4 Months, 3 Weeks and 2 Days",2007,https://boxd.it/27DW
2018-08-17,Caché,2005,https://boxd.it/2amY
2018-08-17,City of God,2002,https://boxd.it/2a2a
2018-08-17,Leviathan,2014,https://boxd.it/7Ub8
2018-08-17,Shame,2011,https://boxd.it/2CxU
2018-08-17,Dogville,2003,https://boxd.it/2a8W
2018-08-17,The Diving Bell and the Butterfly,2007,https://boxd.it/27Di
2018-08-19,90 Seconds in North Korea,2018,https://boxd.it/jsrG
2018-08-23,The War Game,1966,https://boxd.it/1tKe
2018-08-23,Living in Oblivion,1995,https://boxd.it/1ZeO
2018-08-23,Spirits of the Dead,1968,https://boxd.it/ZTg
2018-08-23,Kings Row,1942,https://boxd.it/vJU
2018-08-24,Stolen Kisses,1968,https://boxd.it/2aL0
2018-08-25,Foxtrot,2017,https://boxd.it/fOqC
2018-08-27,Day for Night,1973,https://boxd.it/28kG
2018-08-28,Kusama: Infinity,2018,https://boxd.it/hG3a
2018-08-31,Open Your Eyes,1997,https://boxd.it/27TU
2018-09-01,Landscape in the Mist,1988,https://boxd.it/JRy
2018-09-02,Judgment at Nuremberg,1961,https://boxd.it/29xc
2018-09-02,Nineteen Eighty-Four,1984,https://boxd.it/1YZE
2018-09-03,Roger & Me,1989,https://boxd.it/289I
2018-09-06,The Thin Blue Line,1988,https://boxd.it/1OnK
2018-09-06,Orlando,1992,https://boxd.it/1Z1K
2018-09-10,Christine,2016,https://boxd.it/bhFm
2018-09-10,Pandora's Box,1929,https://boxd.it/29jE
2018-09-11,Children of Paradise,1945,https://boxd.it/26H4
2018-09-13,Branded to Kill,1967,https://boxd.it/1HSQ
2018-09-14,The Duke of Burgundy,2014,https://boxd.it/7kwu
2018-09-15,A New Leaf,1971,https://boxd.it/19FS
2018-09-17,Pigs and Battleships,1961,https://boxd.it/1jQG
2018-09-18,Zama,2017,https://boxd.it/aDDq
2018-09-18,La Ciénaga,2001,https://boxd.it/kpk
2018-09-19,Eros + Massacre,1969,https://boxd.it/2HSo
2018-09-20,Footlight Parade,1933,https://boxd.it/1pBM
2018-09-21,Veronica,2017,https://boxd.it/fHXa
2018-09-21,The Color of Pomegranates,1969,https://boxd.it/1u94
2018-09-25,Wild Grass,2009,https://boxd.it/17o6
2018-09-25,Life of Riley,2014,https://boxd.it/7xpG
2018-09-28,I'm Not There,2007,https://boxd.it/24Ys
2018-09-29,Full Circle,1977,https://boxd.it/3ud0
2018-10-01,Never Let Me Go,2010,https://boxd.it/Xw0
2018-10-01,Southland Tales,2006,https://boxd.it/23Uu
2018-10-03,Deep Red,1975,https://boxd.it/1E1E
2018-10-04,Russian Ark,2002,https://boxd.it/1JQM
2018-10-05,The Boys from Fengkuei,1983,https://boxd.it/3Ag0
2018-10-05,Three Times,2005,https://boxd.it/1Tzm
2018-10-06,A Moment of Innocence,1996,https://boxd.it/T6W
2018-10-11,À Nos Amours,1983,https://boxd.it/271I
2018-10-16,Viper Club,2018,https://boxd.it/i5dO
2018-10-19,The New World,2005,https://boxd.it/1TVW
2018-10-21,Z,1969,https://boxd.it/26pY
2018-10-30,The Man Who Laughs,1928,https://boxd.it/1rCi
2018-11-01,The Sorrow and the Pity,1969,https://boxd.it/Wt0
2018-11-01,Twenty Years Later,1984,https://boxd.it/33Oo
2018-11-01,Wag the Dog,1997,https://boxd.it/2a3W
2018-11-05,The Decameron,1971,https://boxd.it/1fdq
2018-11-11,Medicine for Melancholy,2008,https://boxd.it/1wPc
2018-11-22,Profound Desires of the Gods,1968,https://boxd.it/D20
2018-11-24,Still Walking,2008,https://boxd.it/1wvm
2018-11-24,Enron: The Smartest Guys in the Room,2005,https://boxd.it/1R0k
2018-11-25,Roma,1972,https://boxd.it/1UNO
2018-11-25,Bad Timing,1980,https://boxd.it/1fUE
2018-11-26,Faust,1994,https://boxd.it/1G3i
2018-12-02,Downfall,2004,https://boxd.it/2a04
2018-12-08,Winter Sleep,2014,https://boxd.it/7Ua0
2018-12-11,L'Âge d'Or,1930,https://boxd.it/22FI
2018-12-12,I Am Cuba,1964,https://boxd.it/1hUQ
2018-12-12,The Cranes Are Flying,1957,https://boxd.it/169Y
2018-12-20,Columbus,2017,https://boxd.it/eCuA
2018-12-22,Capturing the Friedmans,2003,https://boxd.it/2748
2018-12-22,The Long Day Closes,1992,https://boxd.it/EMy
2018-12-28,Napoleon,1927,https://boxd.it/WEC
2018-12-29,Salvador,1986,https://boxd.it/224i
2019-01-03,Ottamuri Velicham,2017,https://boxd.it/isXA
2019-01-04,On Her Shoulders,2018,https://boxd.it/hG56
2019-01-07,Port of Shadows,1938,https://boxd.it/Nr0
2019-01-10,Go Go Tales,2007,https://boxd.it/DVO
2019-01-11,Begotten,1989,https://boxd.it/28Ie
2019-01-11,Killer of Sheep,1978,https://boxd.it/1rPc
2019-01-11,The Horse,1973,https://boxd.it/4HIM
2019-01-11,Nobody Knows,2004,https://boxd.it/26E0
2019-01-11,Survive Style 5+,2004,https://boxd.it/1KKA
2019-01-11,The Taste of Tea,2004,https://boxd.it/1Mse
2019-01-11,Enter the Void,2009,https://boxd.it/1dy2
2019-01-13,Jonah Who Will Be 25 in the Year 2000,1976,https://boxd.it/XoU
2019-01-13,In the White City,1983,https://boxd.it/1ePo
2019-01-18,Eternity and a Day,1998,https://boxd.it/1wSq
2019-01-19,The Right Stuff,1983,https://boxd.it/1YoS
2019-01-19,Only Angels Have Wings,1939,https://boxd.it/Ttw
2019-01-20,Dont Look Back,1967,https://boxd.it/2b3y
2019-01-25,One-Eyed Jacks,1961,https://boxd.it/1Gyq
2019-02-17,One from the Heart,1982,https://boxd.it/ZJq
2019-02-17,The Hunt,2012,https://boxd.it/3wEC
2019-02-19,Junun,2015,https://boxd.it/c0fo
2019-03-06,"Welcome, or No Trespassing",1964,https://boxd.it/1CL6
2019-03-06,Leo the Last,1970,https://boxd.it/2FTO
2019-03-08,Make Way for Tomorrow,1937,https://boxd.it/10hC
2019-03-17,War and Peace,1965,https://boxd.it/1nRy
2019-03-18,On the Silver Globe,1988,https://boxd.it/1sAM
2019-03-21,The Sea of Trees,2015,https://boxd.it/987m
2019-03-21,Transit,2018,https://boxd.it/gUK6
2019-03-22,The Black Cat,1934,https://boxd.it/1yik
2019-03-22,The Raven,1935,https://boxd.it/1HSw
2019-03-23,Far from Vietnam,1967,https://boxd.it/1beO
2019-03-31,Shogun Assassin,1980,https://boxd.it/1MM4
2019-04-01,Inferno,1980,https://boxd.it/1KbK
2019-04-02,The Fall,2006,https://boxd.it/1NoM
2019-04-09,Cold Water,1994,https://boxd.it/uk
2019-04-11,American Factory,2019,https://boxd.it/kJuY
2019-04-14,"Sherlock, Jr.",1924,https://boxd.it/298m
2019-04-19,The Immigrant,1917,https://boxd.it/Kcm
2019-04-19,A Dog's Life,1918,https://boxd.it/1b5s
2019-04-19,Pay Day,1922,https://boxd.it/wAk
2019-04-19,The Adventurer,1917,https://boxd.it/1igs
2019-04-19,Easy Street,1917,https://boxd.it/KcQ
2019-04-19,Shoulder Arms,1918,https://boxd.it/wBi
2019-04-19,One A.M.,1916,https://boxd.it/wC6
2019-04-20,The Pilgrim,1923,https://boxd.it/wAa
2019-04-22,The Nightingale,2018,https://boxd.it/e1Ga
2019-05-01,Zero Days,2016,https://boxd.it/dfle
2019-05-09,A Touch of Zen,1970,https://boxd.it/SFm
2019-05-09,Project A,1983,https://boxd.it/1BLY
2019-05-12,City of Ghosts,2017,https://boxd.it/fb0U
2019-05-12,The French Connection,1971,https://boxd.it/296g
2019-05-13,Tough Guys Don't Dance,1987,https://boxd.it/2I0s
2019-05-13,Paper Moon,1973,https://boxd.it/1Ud2
2019-05-20,Barbara Rubin and the Exploding NY Underground,2018,https://boxd.it/iUOQ
2019-05-20,"Diaries, Notes, and Sketches",1969,https://boxd.it/3A0Q
2019-05-24,Blossoms Shanghai,,https://boxd.it/wNOi
2019-05-26,Mikey and Nicky,1976,https://boxd.it/iL4
2019-05-28,Invitation to the Dance,1956,https://boxd.it/L2i
2019-06-01,Sunset,2018,https://boxd.it/dZ5w
2019-06-03,Everyone Says I Love You,1996,https://boxd.it/1XYK
2019-06-04,Enamorada,1946,https://boxd.it/3QiG
2019-06-05,Luce,2019,https://boxd.it/hKuu
2019-06-10,Chernobyl,2019,https://boxd.it/mkbG
2019-07-06,The Aviator's Wife,1981,https://boxd.it/1srq
2019-07-10,Betrayal,1983,https://boxd.it/4tk2
2019-07-19,Threads,1984,https://boxd.it/1I0g
2019-07-28,Modern Romance,1981,https://boxd.it/6Xi
2019-08-07,Johnny Got His Gun,1971,https://boxd.it/1KkM
2019-08-07,The Ascent,1977,https://boxd.it/Eew
2019-08-09,The Mountain,2018,https://boxd.it/ic8G
2019-08-24,The Assassination of Jesse James by the Coward Robert Ford,2007,https://boxd.it/24dG
2019-09-03,In Bruges,2008,https://boxd.it/20n8
2019-09-08,A Hidden Life,2019,https://boxd.it/eb1Q
2019-10-01,Platform,2000,https://boxd.it/2O0S
2019-10-02,A Page of Madness,1926,https://boxd.it/3i2u
2019-12-14,"So Long, My Son",2019,https://boxd.it/hNzi
2019-12-14,Chinese Portrait,2018,https://boxd.it/jGde
2020-01-21,All Quiet on the Western Front,1930,https://boxd.it/2b2g
2020-01-30,An Elephant Sitting Still,2018,https://boxd.it/i1EQ
2020-02-03,Beanpole,2019,https://boxd.it/iK9S
2020-02-03,The Masque of the Red Death,1964,https://boxd.it/1w12
2020-03-10,Serenity,2019,https://boxd.it/g9sk
2020-03-12,The King and the Mockingbird,1980,https://boxd.it/1At0
2020-03-16,They Shall Not Grow Old,2018,https://boxd.it/jP62
2020-04-04,A Man Vanishes,1967,https://boxd.it/322S
2020-04-09,The Passenger,1975,https://boxd.it/1Y8q
2020-04-15,When They See Us,2019,https://boxd.it/kbJU
2020-04-17,Europa Europa,1990,https://boxd.it/1ZpW
2020-04-18,O Lucky Man!,1973,https://boxd.it/WQe
2020-04-21,Spring in a Small Town,1948,https://boxd.it/1CtG
2020-04-29,Tokyo-Ga,1985,https://boxd.it/2DyE
2020-05-07,The Painted Bird,2019,https://boxd.it/h8u2
2020-05-09,How Do You Live?,2023,https://boxd.it/ipeM
2020-05-11,JFK,1991,https://boxd.it/29xm
2020-05-15,Spaceship Earth,2020,https://boxd.it/oige
2020-05-29,United 93,2006,https://boxd.it/1XHY
2020-05-30,The Pawnbroker,1964,https://boxd.it/1Dj8
2020-05-31,The Vast of Night,2019,https://boxd.it/kJyc
2020-06-18,Once Upon a Time in the West,1968,https://boxd.it/2az4
2020-06-20,The Ball at the Anjo House,1947,https://boxd.it/47v8
2020-06-24,Mouchette,1967,https://boxd.it/28Bs
2020-07-06,"Family Romance, LLC",2019,https://boxd.it/lXxa
2020-07-08,Supermarket Woman,1996,https://boxd.it/2Qgo
2020-07-11,The Sidelong Glances of a Pigeon Kicker,1970,https://boxd.it/5RQ4
2020-07-25,Exotica,1994,https://boxd.it/1DXW
2020-07-25,Séance,2000,https://boxd.it/1r4A
2020-08-01,Dragon Inn,1967,https://boxd.it/3xGa
2020-08-03,The Big City,1963,https://boxd.it/fI2
2020-09-02,Boys State,2020,https://boxd.it/oiNW
2020-09-20,Nothing But a Man,1964,https://boxd.it/3dDA
2020-10-16,Son of the White Mare,1981,https://boxd.it/10f2
2020-10-21,The Goddess,1934,https://boxd.it/3M8W
2020-10-21,The Black Cannon Incident,1985,https://boxd.it/5q5q
2020-10-24,Eureka,2000,https://boxd.it/16TC
2020-11-09,Cairo Station,1958,https://boxd.it/L02
2020-11-10,Forever a Woman,1955,https://boxd.it/7zvG
2020-11-10,Love Letter,1953,https://boxd.it/86Ow
2020-11-15,Song of the Sea,2014,https://boxd.it/3Ic6
2020-12-02,Sweet Smell of Success,1957,https://boxd.it/29aW
2020-12-07,My Blueberry Nights,2007,https://boxd.it/27H0
2020-12-14,Ruggles of Red Gap,1935,https://boxd.it/1bx2
2020-12-17,Labyrinth of Dreams,1997,https://boxd.it/2EuS
2020-12-21,A Sun,2019,https://boxd.it/n3uo
2020-12-23,Casting Blossoms to the Sky,2012,https://boxd.it/4aPq
2021-01-02,The Assistant,2019,https://boxd.it/neWo
2021-01-04,A Borrowed Life,1994,https://boxd.it/54XA
2021-01-14,The Bad Lieutenant: Port of Call - New Orleans,2009,https://boxd.it/1TcW
2021-01-15,Vengeance Is Mine,1979,https://boxd.it/XyU
2021-01-27,The End of St. Petersburg,1927,https://boxd.it/3Bki
2021-01-28,Quiz Show,1994,https://boxd.it/1TPa
2021-01-29,Missing,1982,https://boxd.it/1LTI
2021-01-29,Confessions,2010,https://boxd.it/uRS
2021-01-30,Housekeeping,1987,https://boxd.it/3sQ
2021-01-31,"That Day, on the Beach",1983,https://boxd.it/3Blg
2021-02-16,76 Days,2020,https://boxd.it/rk6c
2021-02-28,I WeirDO,2020,https://boxd.it/qCOu
2021-03-15,Center Stage,1991,https://boxd.it/2enm
2021-03-16,I Know This Much Is True,2020,https://boxd.it/pVeo
2021-03-23,Man with a Movie Camera,1929,https://boxd.it/1u7s
2021-04-02,The Physics of Sorrow,2019,https://boxd.it/mVb4
2021-04-09,Rouge,1987,https://boxd.it/2cdk
2021-04-15,"Kim Ji-young, Born 1982",2019,https://boxd.it/lyGw
2021-04-19,Pride & Prejudice,2005,https://boxd.it/24u8
2021-04-20,Boat People,1982,https://boxd.it/2oo0
2021-05-03,About Endlessness,2019,https://boxd.it/bHua
2021-05-14,Twenty-Four Eyes,1954,https://boxd.it/UJA
2021-05-14,An Inn at Osaka,1954,https://boxd.it/5wkQ
2021-05-14,The 47 Ronin,1941,https://boxd.it/Ofu
2021-05-14,Flame of My Love,1949,https://boxd.it/47KC
2021-05-14,An Actor's Revenge,1963,https://boxd.it/1slC
2021-05-14,Sing a Song of Sex,1967,https://boxd.it/2Fny
2021-05-15,Sword of the Beast,1965,https://boxd.it/LZE
2021-05-15,Silence Has No Wings,1966,https://boxd.it/3xEo
2021-05-15,Three Outlaw Samurai,1964,https://boxd.it/jni
2021-05-19,Intolerance: Love's Struggle Throughout the Ages,1916,https://boxd.it/25Qk
2021-05-20,The Insect Woman,1963,https://boxd.it/VAE
2021-05-20,Zigeunerweisen,1980,https://boxd.it/3IZi
2021-05-20,Cute Devil,1982,https://boxd.it/f32y
2021-05-20,Angel Dust,1994,https://boxd.it/1esa
2021-05-20,The Man Without a Map,1968,https://boxd.it/oI6
2021-05-22,Black River,1957,https://boxd.it/3tI2
2021-05-25,The Tale of Zatoichi,1962,https://boxd.it/1JMq
2021-05-28,Osaka Elegy,1936,https://boxd.it/Tmg
2021-05-30,Female Prisoner Scorpion: Jailhouse 41,1972,https://boxd.it/1326
2021-05-30,Female Prisoner #701: Scorpion,1972,https://boxd.it/2rKo
2021-06-03,Kubo and the Two Strings,2016,https://boxd.it/a4wE
2021-06-12,Ryan's Daughter,1970,https://boxd.it/14O6
2021-06-19,The Landlord,1970,https://boxd.it/6s
2021-06-21,"Hi, Mom!",1970,https://boxd.it/Wwy
2021-06-23,3 Women,1977,https://boxd.it/YPs
2021-06-24,Streetwise,1984,https://boxd.it/XKw
2021-06-25,Little Murders,1971,https://boxd.it/1rL0
2021-07-04,Hiroshima,1953,https://boxd.it/8i0I
2021-07-06,The Last Picture Show,1971,https://boxd.it/1weg
2021-07-12,Moving,1993,https://boxd.it/3RcO
2021-07-12,Silkwood,1983,https://boxd.it/1RQK
2021-07-19,Hotarubi no Mori e,2011,https://boxd.it/3euO
2021-07-29,Love After Love,2020,https://boxd.it/oxTq
2021-07-29,Human Flow,2017,https://boxd.it/gLUw
2021-07-31,Kiss Me Deadly,1955,https://boxd.it/1HHe
2021-08-01,The Story of a Three-Day Pass,1967,https://boxd.it/3kgS
2021-08-02,Visitor Q,2001,https://boxd.it/24DE
2021-08-07,The Leopard,1963,https://boxd.it/296K
2021-08-07,Moonlighting,1982,https://boxd.it/XEI
2021-08-07,The Shout,1978,https://boxd.it/JcU
2021-08-14,Hell in the Pacific,1968,https://boxd.it/1iy2
2021-08-19,Angel's Egg,1985,https://boxd.it/1LeA
2021-08-23,Hedgehog in the Fog,1975,https://boxd.it/1bgA
2021-08-23,The Cameraman's Revenge,1912,https://boxd.it/3b1k
2021-08-26,Keep Your Hands Off Eizouken!,2020,https://boxd.it/pxs2
2021-08-28,Essential Killing,2010,https://boxd.it/IWs
2021-08-30,The Great Silence,1968,https://boxd.it/1ZlA
2021-08-30,For a Few Dollars More,1965,https://boxd.it/29eu
2021-09-02,Tess,1979,https://boxd.it/1UAq
2021-09-07,The Piano,1993,https://boxd.it/29Kq
2021-09-07,Taira Clan Saga,1955,https://boxd.it/Oe2
2021-09-11,Blue Collar,1978,https://boxd.it/1Nhm
2021-09-12,The Falls,1980,https://boxd.it/1fFk
2021-09-13,Swallowtail Butterfly,1996,https://boxd.it/20b2
2021-09-13,Portrait of Madame Yuki,1950,https://boxd.it/O5a
2021-09-13,Dragnet Girl,1933,https://boxd.it/3Uq0
2021-09-13,Hope and Glory,1987,https://boxd.it/1hPQ
2021-09-15,Like Someone in Love,2012,https://boxd.it/3tOu
2021-09-15,Taste of Cherry,1997,https://boxd.it/1m8W
2021-09-15,Where Is My Friend's House?,1987,https://boxd.it/ELg
2021-09-18,Red Angel,1966,https://boxd.it/3bla
2021-09-18,Sandakan No. 8,1974,https://boxd.it/1RVU
2021-09-20,Death Proof,2007,https://boxd.it/27GG
2021-09-24,Green Snake,1993,https://boxd.it/12Vk
2021-09-24,In the Same Breath,2021,https://boxd.it/tbgc
2021-09-25,Speedy,1928,https://boxd.it/1Al6
2021-09-25,Safety Last!,1923,https://boxd.it/1AkW
2021-09-26,Jiro Dreams of Sushi,2011,https://boxd.it/2ONU
2021-10-01,Prince of Darkness,1987,https://boxd.it/1ZKq
2021-10-02,Raw,2016,https://boxd.it/dLd2
2021-10-03,The Twilight Samurai,2002,https://boxd.it/1RRI
2021-10-13,The Scent of Green Papaya,1993,https://boxd.it/1EWq
2021-10-14,Let It Be,1970,https://boxd.it/1Dhw
2021-10-14,The Beatles: Get Back,2021,https://boxd.it/xo7A
2021-10-16,Big Trouble in Little China,1986,https://boxd.it/21em
2021-10-18,Black Rain,1989,https://boxd.it/5DMs
2021-10-22,The Third Wife,2018,https://boxd.it/jSlO
2021-10-22,Titane,2021,https://boxd.it/nlQC
2021-10-22,"Spring, Summer, Fall, Winter... and Spring",2003,https://boxd.it/2b6W
2021-10-22,My Own Private Idaho,1991,https://boxd.it/2ak4
2021-10-27,Dune: Part Two,2023,https://boxd.it/pUfA
2021-11-01,Beau Is Afraid,2023,https://boxd.it/u2gE
2021-11-01,Rebels of the Neon God,1992,https://boxd.it/mp2
2021-11-03,Contact,1997,https://boxd.it/29OM
2021-11-13,Stroszek,1977,https://boxd.it/1Td6
2021-11-14,Hardcore,1979,https://boxd.it/XyA
2021-11-14,American Gigolo,1980,https://boxd.it/26l8
2021-11-14,Light Sleeper,1992,https://boxd.it/1aKa
2021-11-15,Slaughterhouse-Five,1972,https://boxd.it/1xrU
2021-11-16,Rapture,1979,https://boxd.it/24f8
2021-11-20,Medium Cool,1969,https://boxd.it/WsQ
2021-11-28,I Walked with a Zombie,1943,https://boxd.it/1stm
2021-11-28,The Seventh Victim,1943,https://boxd.it/1CEY
2021-11-28,The Spiral Staircase,1946,https://boxd.it/1rLY
2021-11-28,Dead of Night,1945,https://boxd.it/1PQI
2021-11-28,Blood and Black Lace,1964,https://boxd.it/1qme
2021-11-28,The Cremator,1969,https://boxd.it/1H8y
2021-11-30,Autumn Sonata,1978,https://boxd.it/1Rio
2021-12-05,Alice Doesn't Live Here Anymore,1974,https://boxd.it/1KIa
2021-12-08,Four Sisters,1985,https://boxd.it/bFe0
2021-12-09,The Wind,2018,https://boxd.it/jK5I
2021-12-09,The Time to Live and the Time to Die,1985,https://boxd.it/Oc6
2021-12-10,The Thin Red Line,1998,https://boxd.it/1ZTM
2021-12-10,Bound,1996,https://boxd.it/1Z1g
2021-12-15,The Worst Person in the World,2021,https://boxd.it/oyws
2021-12-16,Let There Be Light,1946,https://boxd.it/36BC
2021-12-20,Exiled,2006,https://boxd.it/1Pn2
2021-12-27,Dolls,2002,https://boxd.it/29pi
2021-12-29,The White Tiger,2021,https://boxd.it/nhg6
2022-01-11,Free Solo,2018,https://boxd.it/iEEq
2022-01-14,Napoleon,2023,https://boxd.it/shJM
2022-01-18,Chizuko's Younger Sister,1991,https://boxd.it/5sRc
2022-01-28,Departures,2008,https://boxd.it/1JFa
2022-01-29,After Yang,2021,https://boxd.it/lx5a
2022-02-01,The Inheritance,1962,https://boxd.it/4Z88
2022-02-07,Amores Perros,2000,https://boxd.it/2bfu
2022-02-09,Bugsy Malone,1976,https://boxd.it/208i
2022-02-09,Private Parts,1972,https://boxd.it/1x0k
2022-02-18,Slacker,1990,https://boxd.it/1OUu
2022-02-20,King Creole,1958,https://boxd.it/1GyU
2022-02-21,Flee,2021,https://boxd.it/ponM
2022-02-28,The Tribe,2014,https://boxd.it/8aqe
2022-03-03,The Sound of Music,1965,https://boxd.it/1MLK
2022-03-07,Barefoot Gen,1983,https://boxd.it/1OMK
2022-03-07,Oppenheimer,2023,https://boxd.it/wUow
2022-03-16,Kikujiro,1999,https://boxd.it/24xc
2022-03-17,Interstella 5555: The 5tory of the 5ecret 5tar 5ystem,2003,https://boxd.it/1ULy
2022-03-23,The Postman Always Rings Twice,1981,https://boxd.it/1UP6
2022-03-23,The King of Marvin Gardens,1972,https://boxd.it/Dcu
2022-03-23,Future Boy Conan,1978,https://boxd.it/pVgk
2022-03-28,Tetsuo: The Iron Man,1989,https://boxd.it/ZoM
2022-03-28,Violated Angels,1967,https://boxd.it/rbE
2022-03-28,Under the Blossoming Cherry Trees,1975,https://boxd.it/3FsK
2022-03-28,Strange Circus,2005,https://boxd.it/1Vg2
2022-03-28,Rampo Noir,2005,https://boxd.it/KNM
2022-03-28,Nightmare Detective,2006,https://boxd.it/TMo
2022-03-28,Kotoko,2011,https://boxd.it/3030
2022-03-28,The Brown Bunny,2003,https://boxd.it/1RnI
2022-03-28,Showgirls,1995,https://boxd.it/1Vmk
2022-03-28,The Wild Goose Lake,2019,https://boxd.it/l8bs
2022-03-28,Blast of Silence,1961,https://boxd.it/1hVO
2022-03-28,Fear X,2003,https://boxd.it/17Jo
2022-03-28,"Black Coal, Thin Ice",2014,https://boxd.it/7xaw
2022-03-28,A Snake of June,2002,https://boxd.it/1fuQ
2022-03-28,Haze,2005,https://boxd.it/1uAu
2022-03-29,Suzume,2022,https://boxd.it/yv7Y
2022-04-09,Die Hard,1988,https://boxd.it/2a7u
2022-04-17,Mon Oncle,1958,https://boxd.it/2apy
2022-04-19,Diary of a Country Priest,1951,https://boxd.it/UDC
2022-04-20,The Intruder,1962,https://boxd.it/2MqE
2022-04-21,Crimes of the Future,2022,https://boxd.it/uTuY
2022-04-22,Mildred Pierce,1945,https://boxd.it/25uS
2022-04-27,Funan,2018,https://boxd.it/iFQM
2022-04-27,Tokyo Drifter,1966,https://boxd.it/OTY
2022-05-01,A Touch of Sin,2013,https://boxd.it/5Fvo
2022-05-02,The War Zone,1999,https://boxd.it/W90
2022-05-02,The Thief and the Cobbler,1993,https://boxd.it/1tpq
2022-05-05,Dave Chappelle's Block Party,2005,https://boxd.it/2aFw
2022-05-06,One Week,1920,https://boxd.it/1zr8
2022-05-06,The Cameraman,1928,https://boxd.it/1jag
2022-05-06,Blind Chance,1987,https://boxd.it/2b4G
2022-05-07,The Thief of Bagdad,1924,https://boxd.it/1ot8
2022-05-07,A Simple Plan,1998,https://boxd.it/1WMo
2022-05-07,Darkman,1990,https://boxd.it/1YnK
2022-05-09,Killers of the Flower Moon,,https://boxd.it/gHp0
2022-05-09,The Age of Innocence,1993,https://boxd.it/1WgM
2022-05-09,37 Seconds,2019,https://boxd.it/kWb6
2022-05-10,Blackhat,2015,https://boxd.it/62Te
2022-05-10,Minbo: the Gentle Art of Japanese Extortion,1992,https://boxd.it/3I3I
2022-05-10,Thief,1981,https://boxd.it/1TEc
2022-05-12,"Norte, The End of History",2013,https://boxd.it/5FkU
2022-05-16,Bad Day at Black Rock,1955,https://boxd.it/1NRk
2022-05-18,Borat Subsequent Moviefilm,2020,https://boxd.it/rNS0
2022-06-05,Dreaming Walls: Inside the Chelsea Hotel,2022,https://boxd.it/yvhY
2022-06-07,Strange Days,1995,https://boxd.it/2aGO
2022-06-21,Angst,1983,https://boxd.it/1G46
2022-06-21,"Sex, Lies, and Videotape",1989,https://boxd.it/28Oc
2022-06-23,Capernaum,2018,https://boxd.it/iM3s
2022-06-28,The House,2022,https://boxd.it/yVza
2022-06-28,Kimi,2022,https://boxd.it/u7LW
2022-07-03,A New Old Play,2021,https://boxd.it/iAgE
2022-07-05,Insomnia,2002,https://boxd.it/2aB0
2022-07-07,7 Days in Hell,2015,https://boxd.it/8VZ6
2022-07-09,Mad God,2021,https://boxd.it/vVPm
2022-07-13,Kids,1995,https://boxd.it/1YUY
2022-07-13,Amsterdam,2022,https://boxd.it/oJ58
2022-07-27,Noroi: The Curse,2005,https://boxd.it/1BN6
2022-08-03,Don't Worry Darling,2022,https://boxd.it/mViu
2022-08-04,The Killer,2023,https://boxd.it/u6WE
2022-08-04,Fences,2016,https://boxd.it/dL6A
2022-08-08,Valentino,1977,https://boxd.it/Wui
2022-08-13,The Color Purple,1985,https://boxd.it/29oO
2022-08-13,1941,1979,https://boxd.it/1TF0
2022-08-13,Not Okay,2022,https://boxd.it/vCEY
2022-08-14,The Whale,2022,https://boxd.it/tw4c
2022-08-25,Straight Time,1978,https://boxd.it/1zgu
2022-08-25,Crimewave,1985,https://boxd.it/1BAc
2022-08-28,Rock 'n' Roll High School,1979,https://boxd.it/1u6k
2022-08-28,Miami Vice,2006,https://boxd.it/2bbW
2022-08-31,Deep Cover,1992,https://boxd.it/1D5g
2022-09-06,Seance on a Wet Afternoon,1964,https://boxd.it/25La
2022-09-08,The Crow,1994,https://boxd.it/1Yxq
2022-09-10,Crash,1996,https://boxd.it/29n2
2022-09-11,Better Luck Tomorrow,2002,https://boxd.it/1On6
2022-09-12,Isle of the Dead,1945,https://boxd.it/1lwe
2022-09-15,Moonage Daydream,2022,https://boxd.it/A8Co
2022-09-17,The Insider,1999,https://boxd.it/1ZoE
2022-09-18,Pearl,2022,https://boxd.it/zPbe
2022-09-27,The Gambler,1974,https://boxd.it/R4a
2022-10-04,The Misfits,1961,https://boxd.it/1TCg
2022-10-06,Triangle of Sadness,2022,https://boxd.it/hXlq
2022-10-09,EO,2022,https://boxd.it/txhc
2022-10-10,Heaven's Gate,1980,https://boxd.it/1V2k
2022-10-11,Ziggy Stardust and the Spiders from Mars,1979,https://boxd.it/1dka
2022-10-14,Bonnie and Clyde,1967,https://boxd.it/2ajg
2022-10-17,X,2022,https://boxd.it/sxVa
2022-10-17,28 Days Later,2002,https://boxd.it/2aXU
2022-10-17,Hellraiser,1987,https://boxd.it/1Zpi
2022-10-17,Spree,2020,https://boxd.it/oiiO
2022-10-17,The Invitation,2015,https://boxd.it/9OUU
2022-10-17,The Lost Boys,1987,https://boxd.it/28DI
2022-10-17,His House,2020,https://boxd.it/l8Qq
2022-10-17,Martyrs,2008,https://boxd.it/1Yqu
2022-10-17,The Autopsy of Jane Doe,2016,https://boxd.it/dUu2
2022-10-17,One Cut of the Dead,2017,https://boxd.it/iAFu
2022-10-17,Trick 'r Treat,2007,https://boxd.it/1zvE
2022-10-17,Dawn of the Dead,2004,https://boxd.it/29gK
2022-10-17,The Fog,1980,https://boxd.it/29Cc
2022-10-17,A Tale of Two Sisters,2003,https://boxd.it/248m
2022-10-17,Scanners,1981,https://boxd.it/1YqE
2022-10-17,Ichi the Killer,2001,https://boxd.it/1Y1O
2022-10-17,The Bride of Frankenstein,1935,https://boxd.it/2aPc
2022-10-17,Lake Mungo,2008,https://boxd.it/1rWM
2022-10-17,The Hills Have Eyes,1977,https://boxd.it/1Sa6
2022-10-17,Henry: Portrait of a Serial Killer,1986,https://boxd.it/1VCM
2022-10-17,Phantasm,1979,https://boxd.it/1YaG
2022-10-17,Black Sunday,1960,https://boxd.it/1rlG
2022-10-17,The Phantom Carriage,1921,https://boxd.it/l4s
2022-10-17,Ju-on: The Grudge,2002,https://boxd.it/1SY6
2022-10-17,Demons,1985,https://boxd.it/1OTQ
2022-10-17,Maniac,1980,https://boxd.it/1s0k
2022-10-17,Night of the Creeps,1986,https://boxd.it/1LzI
2022-10-17,Ravenous,1999,https://boxd.it/1WOa
2022-10-17,Dark Water,2002,https://boxd.it/1Sik
2022-10-17,Train to Busan,2016,https://boxd.it/dSQU
2022-10-17,I Saw the Devil,2010,https://boxd.it/FaK
2022-10-17,The Call,2020,https://boxd.it/l94W
2022-10-17,Lady Vengeance,2005,https://boxd.it/248G
2022-10-17,Thirst,2009,https://boxd.it/1Aqq
2022-10-17,Suicide Club,2001,https://boxd.it/1RkY
2022-10-17,Hungry Wives,1972,https://boxd.it/1nwq
2022-10-17,The Crazies,1973,https://boxd.it/1nwg
2022-10-17,The Serpent and the Rainbow,1988,https://boxd.it/1THA
2022-10-17,The People Under the Stairs,1991,https://boxd.it/1QMC
2022-10-17,The Rocky Horror Picture Show,1975,https://boxd.it/1a3q
2022-10-17,Black Christmas,1974,https://boxd.it/1Js6
2022-10-17,Nosferatu the Vampyre,1979,https://boxd.it/21J0
2022-10-17,Sisters,1972,https://boxd.it/1AMc
2022-10-17,Zombie Flesh Eaters,1979,https://boxd.it/217q
2022-10-17,Images,1972,https://boxd.it/1nsS
2022-10-17,Coma,1978,https://boxd.it/1Uks
2022-10-17,Re-Animator,1985,https://boxd.it/28hM
2022-10-17,A Nightmare on Elm Street 3: Dream Warriors,1987,https://boxd.it/1X9W
2022-10-17,A Nightmare on Elm Street Part 2: Freddy's Revenge,1985,https://boxd.it/1XiE
2022-10-17,Friday the 13th,1980,https://boxd.it/24fs
2022-10-17,Cannibal Holocaust,1980,https://boxd.it/1ZWQ
2022-10-17,Phenomena,1985,https://boxd.it/1o4s
2022-10-17,Tenebre,1982,https://boxd.it/1mRM
2022-10-17,Opera,1987,https://boxd.it/1E2M
2022-10-17,From Beyond,1986,https://boxd.it/1NXi
2022-10-17,Dead & Buried,1981,https://boxd.it/1xYa
2022-10-17,White Dog,1982,https://boxd.it/Jtc
2022-10-17,Something Wicked This Way Comes,1983,https://boxd.it/1wWC
2022-10-19,A Fish Called Wanda,1988,https://boxd.it/29YC
2022-10-24,Watcher,2022,https://boxd.it/uocO
2022-10-25,Häxan,1922,https://boxd.it/n4O
2022-10-31,All Quiet on the Western Front,2022,https://boxd.it/H08
2022-10-31,"Alice, Sweet Alice",1976,https://boxd.it/1yP4
2022-10-31,The Exorcist III,1990,https://boxd.it/1Tum
2022-10-31,Who Saw Her Die?,1972,https://boxd.it/2hSs
2022-11-01,Black Swan,2010,https://boxd.it/Sw0
2022-11-01,At Midnight I'll Take Your Soul,1964,https://boxd.it/1kje
2022-11-01,The Boxer's Omen,1983,https://boxd.it/Gx6
2022-11-01,Dead Ringers,1988,https://boxd.it/1Yqk
2022-11-01,In the Mouth of Madness,1994,https://boxd.it/26vi
2022-11-01,The Demon,1963,https://boxd.it/4si0
2022-11-02,The Man Who Shot Liberty Valance,1962,https://boxd.it/1Tdg
2022-11-09,All the Beauty and the Bloodshed,2022,https://boxd.it/BYjU
2022-11-11,The Lives of Others,2006,https://boxd.it/2a4A
2022-11-15,Mysterious Skin,2004,https://boxd.it/1UsG
2022-11-17,A Christmas Story,1983,https://boxd.it/29sw
2022-11-17,Star 80,1983,https://boxd.it/1kKu
2022-11-17,Mona Lisa and the Blood Moon,2021,https://boxd.it/iXY0
2022-11-20,Mandala,1971,https://boxd.it/3yj2
2022-11-22,Battle Royale,2000,https://boxd.it/25zS
2022-11-23,The Heike Story,2022,https://boxd.it/y6xW
2022-11-30,Aftersun,2022,https://boxd.it/Arw0
2022-12-01,Return to Seoul,2022,https://boxd.it/zXDg
2022-12-02,Daughters of the Dust,1991,https://boxd.it/2dkw
2022-12-06,Bodies Bodies Bodies,2022,https://boxd.it/iRcE
2022-12-06,The Menu,2022,https://boxd.it/lScm
2022-12-14,The Other,1972,https://boxd.it/1cvw
2022-12-24,She Said,2022,https://boxd.it/vBaI
2022-12-28,Leonor Will Never Die,2022,https://boxd.it/yoJQ
2023-01-03,Malignant,2021,https://boxd.it/mViE
2023-01-10,Straight Outta Compton,2015,https://boxd.it/8rMc
2023-01-23,Gladiator,2000,https://boxd.it/2b9m
2023-01-25,Barbie,2023,https://boxd.it/bCLK
